<?xml version="1.0" encoding="UTF-8"?>
<project-private xmlns="http://www.netbeans.org/ns/project-private/1">
    <editor-bookmarks xmlns="http://www.netbeans.org/ns/editor-bookmarks/2" lastBookmarkId="0"/>
    <open-files xmlns="http://www.netbeans.org/ns/projectui-open-files/2">
        <group>
            <file>file:/C:/Users/Mohd%20Samir/Documents/NetBeansProjects/AirportCheck-InSystem/src/airportcheck/LogFile.java</file>
            <file>file:/C:/Users/Mohd%20Samir/Documents/NetBeansProjects/AirportCheck-InSystem/src/airportcheck/Report.java</file>
            <file>file:/C:/Users/Mohd%20Samir/Documents/NetBeansProjects/AirportCheck-InSystem/src/airportcheck/Flight_Status.java</file>
            <file>file:/C:/Users/Mohd%20Samir/Documents/NetBeansProjects/AirportCheck-InSystem/src/airportcheck/HomePage2.java</file>
            <file>file:/C:/Users/Mohd%20Samir/Documents/NetBeansProjects/AirportCheck-InSystem/src/airportcheck/Waiting_Queue.java</file>
            <file>file:/C:/Users/Mohd%20Samir/Documents/NetBeansProjects/AirportCheck-InSystem/src/airportcheck/test.csv</file>
        </group>
    </open-files>
</project-private>
